<theme>
    <formatVersion>3</formatVersion>
    <include>./../pixel.xml</include>

	<view name="system">

		<image name="background" extra="true">
			<tile>false</tile>
			<pos>0.0 0.0</pos>
			<origin>0 0</origin>
			<size>1 1</size>
			<color>636363</color>
			<path>./../art/systemback.png</path>
		</image>
		
		<image name="console_overlay" extra="true">
			<tile>false</tile>
			<pos>0.5 0.5</pos>
			<origin>0.5 0.5</origin>
			<maxSize>0.7 0.7</maxSize>
			<path>./console.png</path>
		</image>
		
		<image name="logo">
			<path>./logo.png</path>
        </image>
		
		<helpsystem name="help">
			<textColor>ffffff</textColor>
			<iconColor>ffffff</iconColor>
		</helpsystem>
		
	</view>

	<view name="basic, detailed">
	</view>

	<view name="basic">

		<image name="logo">
			<path>./logo.png</path>
			<pos>0.5 0.103</pos>
			<maxSize>0.315 0.126</maxSize>
			<origin>0.5 0.5</origin>
		</image>
		
		<image name="background" extra="true">
			<tile>false</tile>
			<pos>0 0</pos>
			<origin>0 0</origin>
			<size>1 1</size>
			<color>636363</color>
			<path>./../art/systemback.png</path>
		</image>

		<image name="Border Overlay" extra="true">
			<tile>false</tile>
			<pos>0 0</pos>
			<origin>0 0</origin>
			<size>1 1</size>
			<path>./../art/border_simple.png</path>
		</image>		
	
		<textlist name="gamelist">
			<pos>0.034 0.235</pos>
			<size>0.933 0.647</size>
			<alignment>center</alignment>
			<horizontalMargin>0.01</horizontalMargin>
			<fontSize>0.04</fontSize>
			<selectorColor>1c1c1c80</selectorColor>
			<selectedColor>ffd800</selectedColor>
			<primaryColor>ffffff</primaryColor>
			<secondaryColor>e3e3e3</secondaryColor>
			<forceUppercase>1</forceUppercase>
		</textlist>
		
	</view>

	<view name="detailed">
	
		<image name="logo">
			<path>./logo.png</path>
			<pos>0.274 0.114</pos>
			<maxSize>0.418 0.115</maxSize>
			<origin>0.5 0.5</origin>
		</image>
		
		<image name="background" extra="true">
			<tile>false</tile>
			<pos>0 0</pos>
			<origin>0 0</origin>
			<size>1 1</size>
			<color>636363</color>
			<path>./../art/background.png</path>
		</image>

		<image name="Border Overlay" extra="true">
			<tile>false</tile>
			<pos>0 0</pos>
			<origin>0 0</origin>
			<size>1 1</size>
			<path>./../art/border.png</path>
		</image>		
	
		<textlist name="gamelist">
			<pos>0.033 0.266</pos>
			<size>0.483 0.611</size>
			<alignment>left</alignment>
			<horizontalMargin>0.01</horizontalMargin>
			<fontSize>0.03</fontSize>
			<selectorColor>1c1c1c</selectorColor>
			<selectedColor>ffd800</selectedColor>
			<primaryColor>ffffff</primaryColor>
			<secondaryColor>e3e3e3</secondaryColor>
			<forceUppercase>0</forceUppercase>
		</textlist>
		
		<text name="md_description">
			<forceUppercase>0</forceUppercase>
			<size>0.331 0.342</size>
			<pos>0.602 0.505</pos>
			<color>ffffff</color>
			<fontPath>./../art/font.ttf</fontPath>
			<fontSize>0.03</fontSize>
			<alignment>center</alignment>
		</text>
		
		<text name="md_players, md_developer, md_publisher, md_genre, md_playcount, md_lbl_players">
			<pos>1 1</pos>
		</text>
		
		<datetime name="md_releasedate, md_lastplayed">
			<pos>1 1</pos>
		</datetime>
		
		<rating name="md_rating">
			<pos>1 1</pos>
		</rating>


	</view>
	
</theme>